Warning,Rating
"Multiple Rooms are in the same enclosed region.  The correct area and perimeter will be assigned to one Room and the others will display ""Redundant Room.""  You should separate the regions, delete the extra Rooms, or move them into different regions.",3
Could not create Wall Sweep. Sweep position is outside of its wall. Please check sweep parameters.,3
Could not create Wall Sweep. Two wall sweeps are overlapping.,3
Rectangular opening doesn't cut its host.,3
There are identical instances in the same place. This will result in double counting in schedules.,3
Can't make monolithic Stairs.,3
Elements have duplicate 'Type Mark' values.,3
"An elevation symbol references views on more than one sheet. It will show a blank sheet reference. To show the correct references, use a separate elevation symbol for the views on each sheet.",3
The Actual Run Width of one or more runs is less than the Minimum Run Width specified in the stair type.,3
Stair bottom end exceeds or cannot reach the base elevation of the stair. Add/remove risers at the bottom end by control or change the stair run's 'Relative Base Height' parameter in the properties palette.,3
Stair components are not continuously connected. This may cause incorrect representation and annotation.,3
The Actual Tread Depth of stair is less than the Minimum Tread Depth specified in the stair type.,3
Stair top end exceeds or cannot reach the top elevation of the stair. Add/remove risers at the top end by control or or change the stair run's 'Relative Top Height' parameter in the properties palette.,3
Top reference is below Bottom reference for one or more Balusters. These Balusters are not created.,3
The highlighted column can't maintain attachment to the target.  It will be treated as unattached until it can intersect.,3
There are identical instances in the same place. This will result in double counting in schedules. You can tab-select one of the overlapping elements to exclude it from the group instance.,3
"Highlighted walls are attached to, but miss, the highlighted targets.",2
Room Tag is outside of its Room.  Enable Leader or move Room Tag within its Room.,2
Grid is slightly off axis and may cause inaccuracies.,2
Room separation line is slightly off axis and may cause inaccuracies.,2
Line in Sketch is slightly off axis and may cause inaccuracies.,2
Wall is slightly off axis and may cause inaccuracies.,2
Highlighted room separation lines overlap. One of them may be ignored when Revit finds room boundaries. Delete one of the lines.,2
A wall and a room separation line overlap. One of them may be ignored when Revit finds room boundaries. Shorten or delete the room separation line to remove the overlap.,2
Highlighted walls overlap. One of them may be ignored when Revit finds room boundaries. Use Cut Geometry to embed one wall within the other.,2
"Mass contains no solid geometry. Mass Floors, volume, and surface area, won?t be computed.",2
Elements have duplicate 'Mark' values.,2
Room is not in a properly enclosed region,2
Elements have duplicate 'Number' values.,2
Curve-Based Family is slightly off axis and may cause inaccuracies.,2
Area separation line is slightly off axis and may cause inaccuracies.,2
Two elements were not automatically joined because one or both is not editable.,1
"Some panels in this curtain system are slightly malformed.  The problem is most likely ignorable. This problem usually occurs when a panel or parts of a panel have been divided so that they are very narrow.  To better see the malformed panels, temporarily hide the mullion category and set display of lines to ""thin lines"" (using the command on the view menu).",1
Insert conflicts with joined Wall.,1
"The slope of this railing may not parallel the stairs at runs and landings.  To get a parallel railing, split the railing sketch at the ends of landings. ",1
Highlighted elements are joined but do not intersect.,1
Thickness of this Floor may be slightly inaccurate due to extreme Shape Editing. Dimensions to this element in sections and details may not accurately indicate the Thickness shown in Type Properties.,1
Highlighted lines overlap. Lines may not form closed loops.,1
"No columns are joined to grid lines, or view parameters exclude all columns.",1
"The rail is not continuous.  Breaks in the rail usually occur at sharply-angled transitions. To fix the problem, try:  - Changing the transition style in the rail type properties, or  - Modifying the railing path at the transition.",1
Cuts on concrete members are ignored.,1
Highlighted walls overlap. One of them may be ignored when Revit finds room boundaries. Use Cut Geometry to embed one wall within the other or tab-select one of the grouped overlapping walls and exclude it from the group instance.,1
